{
  "manifest": {
    "apis": {
      "custom": {
        "dialogManagement": {
          "dialogManagers": [
            {
              "type": "AMAZON.Conversations"
            }
          ]
        },
        "endpoint": {
          "uri": "arn:aws:lambda:eu-west-1:905418469229:function:03f85409-fdb2-482d-9858-69668e75a636:Release_0"
        },
        "interfaces": [
          {
            "supportedViewports": [
              {
                "maxHeight": 540,
                "maxWidth": 960,
                "minHeight": 540,
                "minWidth": 960,
                "mode": "TV",
                "shape": "RECTANGLE"
              },
              {
                "maxHeight": 599,
                "maxWidth": 599,
                "minHeight": 100,
                "minWidth": 100,
                "mode": "HUB",
                "shape": "ROUND"
              },
              {
                "maxHeight": 959,
                "maxWidth": 1279,
                "minHeight": 600,
                "minWidth": 960,
                "mode": "HUB",
                "shape": "RECTANGLE"
              },
              {
                "maxHeight": 1279,
                "maxWidth": 1920,
                "minHeight": 600,
                "minWidth": 1280,
                "mode": "HUB",
                "shape": "RECTANGLE"
              },
              {
                "maxHeight": 599,
                "maxWidth": 1279,
                "minHeight": 100,
                "minWidth": 960,
                "mode": "HUB",
                "shape": "RECTANGLE"
              },
              {
                "maxHeight": 1279,
                "maxWidth": 2560,
                "minHeight": 960,
                "minWidth": 1920,
                "mode": "HUB",
                "shape": "RECTANGLE"
              },
              {
                "maxHeight": 2560,
                "maxWidth": 1279,
                "minHeight": 1920,
                "minWidth": 960,
                "mode": "HUB",
                "shape": "RECTANGLE"
              },
              {
                "maxHeight": 1920,
                "maxWidth": 959,
                "minHeight": 320,
                "minWidth": 600,
                "mode": "MOBILE",
                "shape": "RECTANGLE"
              },
              {
                "maxHeight": 1920,
                "maxWidth": 1279,
                "minHeight": 320,
                "minWidth": 960,
                "mode": "MOBILE",
                "shape": "RECTANGLE"
              },
              {
                "maxHeight": 1920,
                "maxWidth": 1920,
                "minHeight": 320,
                "minWidth": 1280,
                "mode": "MOBILE",
                "shape": "RECTANGLE"
              }
            ],
            "type": "ALEXA_PRESENTATION_APL"
          },
          {
            "autoInitializedExtensions": [
              {
                "settings": {
                  "wakeWordResponse": "turnToWakeWord"
                },
                "uri": "alexaext:smartmotion:10"
              }
            ],
            "requestedExtensions": [],
            "type": "ALEXA_EXTENSION"
          },
          {
            "type": "CAN_FULFILL_INTENT_REQUEST"
          }
        ],
        "locales": {},
        "regions": {
          "NA": {
            "endpoint": {
              "uri": "arn:aws:lambda:us-east-1:905418469229:function:03f85409-fdb2-482d-9858-69668e75a636:Release_0"
            }
          },
          "EU": {
            "endpoint": {
              "uri": "arn:aws:lambda:eu-west-1:905418469229:function:03f85409-fdb2-482d-9858-69668e75a636:Release_0"
            }
          },
          "FE": {
            "endpoint": {
              "uri": "arn:aws:lambda:us-west-2:905418469229:function:03f85409-fdb2-482d-9858-69668e75a636:Release_0"
            }
          }
        }
      }
    },
    "manifestVersion": "1.0",
    "privacyAndCompliance": {
      "locales": {
        "en-US": {}
      },
      "shoppingKit": {
        "isAmazonAssociatesOnAlexaEnabled": false,
        "isShoppingActionsEnabled": false
      }
    },
    "publishingInformation": {
      "automaticDistribution": {
        "isActive": false
      },
      "distributionCountries": [],
      "isAvailableWorldwide": true,
      "locales": {
        "en-US": {
          "description": "Sample Full Description",
          "examplePhrases": [
            "Alexa, open my project",
            "hello",
            "help"
          ],
          "keywords": [],
          "name": "Mrk-Hackathon Project",
          "summary": "Sample Short Description"
        }
      },
      "testingInstructions": "{\"ask_dist_username\":\"\",\"ask_dist_password\":\"\",\"ask_dist_testing_instructions\":\"Sample Testing Instructions.\"}"
    }
  }
}